<?xml version="1.0" encoding="UTF-8"?>
<beans xmlns="http://www.springframework.org/schema/beans"
	xmlns:xsi="http://www.w3.org/2001/XMLSchema-instance"
	xsi:schemaLocation="http://www.springframework.org/schema/beans http://www.springframework.org/schema/beans/spring-beans.xsd">



<!--	<bean id="circle" class="com.bean.scope.Circle">-->
	<bean id="circle" class="com.bean.scope.Circle" scope="prototype">
		<constructor-arg name="area" value="2322" ></constructor-arg>
		<constructor-arg name="radio" value="23.2"></constructor-arg>
	</bean>
	<bean id="circlesingleton" class="com.bean.scope.Circle" >
		<constructor-arg name="area" value="232245" ></constructor-arg>
		<constructor-arg name="radio" value="23.2"></constructor-arg>
	</bean>
</beans>
