<?xml version="1.0" encoding="UTF-8"?>
<beans xmlns="http://www.springframework.org/schema/beans"
       xmlns:xsi="http://www.w3.org/2001/XMLSchema-instance"
       xsi:schemaLocation="http://www.springframework.org/schema/beans http://www.springframework.org/schema/beans/spring-beans.xsd">

    <bean id="venezuela" class="com.automatic.bean.Country" autowire="byName">
        <constructor-arg value="Venezuela!"></constructor-arg>

    </bean>

    <bean id="tag" class="com.automatic.bean.Tag" autowire="byName">
        <property name="properties">
            <props>
            <prop key="colors">Colors of de tag</prop>
            <prop key="dimension">30*30</prop>
            </props>
        </property>
    </bean>
</beans> 
